,RevenueCHF,RevenueCHF,CostCHF,CostCHF,AbsoluteProfitCHF,AbsoluteProfitCHF,ProfitMargin,ProfitMargin
,sum,mean,sum,mean,sum,mean,sum,mean
ClientSegment,,,,,,,,
Corporate,11518650,319962.5,4752577,132016.02777777778,6766073,187946.47222222222,20.3549,0.5654138888888889
Institutional,10147727,281881.30555555556,4619869,128329.69444444444,5527858,153551.61111111112,19.6709,0.5464138888888889
Private,11390855,316412.6388888889,5211769,144771.36111111112,6179086,171641.27777777778,19.3359,0.5371083333333333
