,RevenueCHF,RevenueCHF,CostCHF,CostCHF,AbsoluteProfitCHF,AbsoluteProfitCHF,ProfitMargin,ProfitMargin
,sum,mean,sum,mean,sum,mean,sum,mean
Product,,,,,,,,
Bonds,11923975,331221.52777777775,4010459,111401.63888888889,7913516,219819.88888888888,23.7421,0.6595027777777778
ETF,10243359,284537.75,5610316,155842.11111111112,4633043,128695.63888888889,15.8532,0.44036666666666663
Equity,10889898,302497.1666666667,4963440,137873.33333333334,5926458,164623.83333333334,19.7664,0.5490666666666667
